env_group,condition,n,pose_return_mean,pose_return_sd,env_return_mean,env_return_sd,keypoint_mse_mean,keypoint_mse_sd,length_mean,length_sd
hopper,compound_zero_moderate,3,783.1548107778763,18.769004502367284,1047.1160518974173,5.745029412310867,0.007006518798474134,0.0007264181469067717,1000.0,0.0
hopper,compound_masked_moderate,3,666.0995612172045,199.2379295301314,903.4497748583641,250.09303574174066,0.007546276401859366,0.000927919703088582,854.8000000000001,251.493777259001
walker2d,compound_zero_moderate,3,105.3676862688057,17.308801637672993,188.46828060467564,43.9270261643224,0.01783207410248683,0.011008287668298818,159.0,0.0
walker2d,compound_masked_moderate,3,88.2860799845714,8.636202388400413,160.5357635347896,9.943875912522362,0.02665042052240033,0.004803379522247513,159.0,0.0
