condition,n,pose_return_mean,pose_return_sd,env_return_mean,env_return_sd,keypoint_mse_mean,keypoint_mse_sd,length_mean,length_sd
dropout_masked_p_0.30,3,64.110457168196,5.300476846348182,616.7989328228044,39.046720851945,0.06758042667863967,0.004008035795799783,433.3333333333333,49.78045131709168
clean,3,46.39713818895594,9.059631667285759,406.47628081340827,200.14568839908785,0.09917200690881113,0.06928770475144766,309.8,80.13713246679093
jitter_sigma_0.10,3,59.737368574487185,24.639595958267087,544.4731195865268,222.490133563557,0.10125274548612306,0.04957792743959831,476.26666666666665,111.28348185302856
dropout_zero_p_0.30,3,47.259380185677976,15.690541939188911,415.4555704076027,296.34682567184456,0.13410913061483745,0.0712425137095959,381.8666666666666,161.25214210463477
bias_feet_0.10,3,38.773558296273684,10.982080059543357,325.2745741154027,299.56802761599204,0.13436748074493343,0.06109580506646333,314.2,151.4515103919403
