condition,n,pose_return_mean,pose_return_sd,env_return_mean,env_return_sd,keypoint_mse_mean,keypoint_mse_sd,length_mean,length_sd
bias_feet_0.10,3,72.3122703589175,15.658533786156664,420.14748053386984,19.577463531171357,0.05815421627439086,0.03601677792997543,339.46666666666664,151.57919822103997
dropout_masked_p_0.30,3,138.92687251463275,111.99601762733884,915.6068695603117,470.39658647173707,0.05815895876984534,0.011284579881360505,614.2666666666667,292.2744828638541
jitter_sigma_0.10,3,60.71331981949345,15.880606910876294,445.6167227952686,130.7464726152069,0.0615805184878651,0.02651898676310452,321.2,121.64883887649731
clean,3,59.52349623444613,4.500495986635693,448.5639619615899,59.31635102539382,0.06606383497125583,0.0276602012445255,299.46666666666664,77.24256166993257
dropout_zero_p_0.30,3,48.52328381039163,22.17215730992813,238.82699560905567,98.09160060617259,0.12573220002352603,0.09360307465250589,265.26666666666665,96.1295653445564
